{
  "project_info": {
    "project_number": "220307102021",
    "project_id": "calculadora-70271",
    "storage_bucket": "calculadora-70271.appspot.com"
  },
  "client": [
    {
      "client_info": {
        "mobilesdk_app_id": "1:220307102021:android:c40ece19ad0a1db43c862c",
        "android_client_info": {
          "package_name": "com.up.calculadora"
        }
      },
      "oauth_client": [],
      "api_key": [
        {
          "current_key": "AIzaSyA8io6ZSDti16lgS6prrNbnpHCJ4P3HDyw"
        }
      ],
      "services": {
        "appinvite_service": {
          "other_platform_oauth_client": []
        }
      }
    }
  ],
  "configuration_version": "1"
}